{
    "Tehran": 1825.769976382918,
    "Baghdad": 1028.4191658810807,
    "Damascus": 199.0744281113524,
    "Kabul": 3780.456451800551,
    "Sanaa": 1718.526065418487,
    "Riyadh": 1410.689380058016,
    "Cairo": 470.47381812053055,
    "Beirut": 195.20050652268105,
    "Amman": 80.69835717679426,
    "Tripoli": 2452.8992656512755,
    "Khartoum": 1523.5568142718253,
    "Mosul": 964.0162453813415,
    "Fallujah": 962.9652137089774,
    "Kandahar": 3391.688042340371,
    "Marrakesh": 4803.962216689707
}